{
  "best_knn": {
    "model": "k-NN (k=100, pearson)",
    "k": 100,
    "similarity": "pearson",
    "rmse": 0.6309560008590716,
    "mae": 0.4039396969477086,
    "time_seconds": 78.39263534545898,
    "n_predictions": 37827
  },
  "improvements_vs_item_baseline": {
    "rmse_percent": 34.866192773944974,
    "mae_percent": 44.00113177843636
  },
  "improvements_vs_global_baseline": {
    "rmse_percent": 35.609562521929746,
    "mae_percent": 48.71973841373159
  }
}