{
  "dataset": "temporal",
  "train_size": 399332,
  "test_size": 109632,
  "n_users": 19772,
  "n_items": 34573,
  "baseline_global_mean": {
    "model": "Baseline - Moyenne globale",
    "global_mean": 4.46253743752066,
    "rmse": 0.8224387267446455,
    "mae": 0.6676184446757842,
    "time_seconds": 0.003438234329223633,
    "n_predictions": 109632
  },
  "baseline_item_mean": {
    "model": "Baseline - Moyenne par livre",
    "global_mean": 4.46253743752066,
    "n_items_in_train": 34573,
    "n_unknown_items_in_test": 61,
    "unknown_ratio": 0.0005564068884997081,
    "rmse": 0.7939619260112087,
    "mae": 0.5768846587912538,
    "time_seconds": 3.2175850868225098,
    "n_predictions": 109632
  },
  "improvements": {
    "rmse_improvement_percent": 3.462482955557409,
    "mae_improvement_percent": 13.590664938652719
  }
}