{
  "dataset": "50k_active_users",
  "train_size": 697025,
  "test_size": 189137,
  "n_users": 29935,
  "n_items": 77013,
  "baseline_global_mean": {
    "model": "Baseline - Moyenne globale",
    "global_mean": 4.30708511172483,
    "rmse": 0.9798908433786603,
    "mae": 0.7877098993891904,
    "time_seconds": 0.00648045539855957,
    "n_predictions": 189137
  },
  "baseline_item_mean": {
    "model": "Baseline - Moyenne par livre",
    "global_mean": 4.30708511172483,
    "n_items_in_train": 77013,
    "n_unknown_items_in_test": 80,
    "unknown_ratio": 0.00042297382320751625,
    "rmse": 0.9687073851974595,
    "mae": 0.7213354658338655,
    "time_seconds": 5.62257981300354,
    "n_predictions": 189137
  },
  "improvements": {
    "rmse_improvement_percent": 1.1412963246641112,
    "mae_improvement_percent": 8.426253574671751
  }
}