{
  "errors_by_category": {
    "Niche": {
      "count": 38275,
      "mae": 0.7161463959471996,
      "rmse": 1.0119383696888071
    },
    "Modéré": {
      "count": 55694,
      "mae": 0.706152133169855,
      "rmse": 0.9538632648175427
    },
    "Populaire": {
      "count": 47678,
      "mae": 0.7248194912701316,
      "rmse": 0.9555800053170972
    },
    "Très populaire": {
      "count": 47490,
      "mae": 0.7398261125921565,
      "rmse": 0.9634383247867397
    }
  },
  "popularity_percentiles": {
    "25%": 5.0,
    "50%": 10.0,
    "75%": 23.0
  }
}