{
  "improvements_vs_baselines": {
    "rmse_improvement_item_percent": 34.866192773944974,
    "mae_improvement_item_percent": 44.00113177843636,
    "rmse_improvement_global_percent": 35.609562521929746,
    "mae_improvement_global_percent": 48.71973841373159
  },
  "best_similarity": "pearson",
  "best_k": 100,
  "similarity_ranking": {
    "pearson": {
      "avg_rmse": 0.6763287418626073,
      "min_rmse": 0.6309560008590716
    },
    "cosinus": {
      "avg_rmse": 0.8398433689856676,
      "min_rmse": 0.8375001236422692
    },
    "jaccard": {
      "avg_rmse": 0.8904743305461688,
      "min_rmse": 0.8821368963913672
    }
  }
}